1,02-09T03:23:45,02-10T01:48:11,0
11,02-10T13:07:31,02-10T13:24:31,1
13,02-10T13:53:08,02-10T14:32:06,1
14,02-10T14:33:40,02-10T14:41:44,0
15,02-11T04:34:08,02-11T04:35:13,0
16,02-11T04:35:52,02-11T04:36:07,0
17,02-11T04:36:50,02-11T04:37:51,0
18,02-11T04:37:10,02-11T04:37:28,0
19,02-11T04:51:14,02-11T04:57:04,0
20,02-11T04:54:09,02-11T04:55:25,1
24,02-11T23:03:36,02-12T04:14:15,1
25,02-12T04:01:45,02-12T04:14:03,1
26,02-12T04:29:45,02-12T04:54:40,1
27,02-12T05:07:31,02-12T05:16:17,1
28,02-12T05:25:36,02-12T13:42:27,1
29,02-12T05:55:08,02-12T19:48:42,1
30,02-13T17:57:06,02-15T02:32:50,1
36,02-15T00:40:16,02-15T02:55:33,3
37,02-15T01:28:17,02-15T13:59:50,1
39,02-15T02:18:29,02-15T02:19:04,0
40,02-15T19:05:17,02-15T19:05:22,0
41,02-15T19:38:16,02-16T16:46:49,1
42,02-16T01:28:23,02-16T01:28:40,0
45,02-16T19:24:49,02-16T19:56:50,0
46,02-16T19:57:19,02-16T20:20:11,0
47,02-16T19:59:30,02-17T01:19:35,1
48,02-16T20:22:52,02-16T20:23:01,0
49,02-16T23:58:19,02-17T00:26:28,1
50,02-17T00:31:26,02-17T00:31:34,0
53,02-17T03:33:10,02-17T03:33:18,0
55,02-17T16:08:56,02-17T16:09:03,0
56,02-17T16:10:02,02-17T16:10:06,0
57,02-17T16:10:34,02-17T16:10:39,0
63,02-17T19:26:45,02-17T20:02:40,1
64,02-18T16:49:03,02-18T17:54:00,1
66,02-18T18:04:58,02-18T18:11:59,1
67,02-18T18:59:59,02-23T04:36:50,0
68,02-18T19:14:48,02-18T19:15:01,0
69,02-18T20:08:22,02-18T21:01:24,1
72,02-18T21:50:25,02-18T21:50:32,0
73,02-18T23:03:50,02-19T22:27:44,1
78,02-21T05:03:44,02-23T04:37:07,1
79,02-21T17:45:00,02-21T19:00:23,3
83,02-21T19:56:51,02-21T20:01:40,0
84,02-23T03:20:19,02-23T03:27:27,0
85,02-23T04:32:35,02-23T04:33:31,0
86,02-23T04:50:11,02-23T16:42:41,1
88,02-23T18:02:06,02-23T18:02:10,0
89,02-23T22:46:22,02-24T17:42:03,1
90,02-24T17:46:08,03-03T01:09:36,1
91,02-24T17:47:44,02-25T02:34:12,1
92,02-24T17:50:56,02-25T02:10:58,1
94,02-25T00:31:21,02-25T02:48:10,1
97,02-25T03:23:24,02-25T03:23:29,0
100,02-25T22:45:25,02-26T18:07:48,1
101,02-26T23:15:05,02-26T23:18:12,0
102,02-26T23:39:29,02-26T23:41:20,0
103,02-27T00:18:16,02-27T00:18:38,0
106,02-27T17:06:32,02-27T17:23:25,1
107,02-27T17:20:39,03-09T16:15:04,55
108,02-27T17:21:24,02-27T22:27:31,1
109,02-27T17:21:26,02-27T22:27:21,1
110,02-27T17:25:19,02-28T01:11:17,1
111,02-27T17:30:56,02-27T23:25:18,1
112,02-27T17:31:00,02-27T19:17:32,1
113,02-27T17:32:53,02-28T01:23:27,1
114,02-27T17:35:08,02-28T01:43:39,1
115,02-27T17:35:41,02-28T01:23:02,3
116,02-27T17:36:30,03-01T02:12:38,1
117,02-27T17:36:59,02-28T01:21:55,3
118,02-27T18:42:35,03-05T22:17:29,1
119,03-01T01:39:14,03-01T01:42:47,1
120,03-01T01:52:25,03-01T02:33:14,6
121,03-01T02:13:17,03-03T00:34:06,1
122,03-01T02:53:38,03-02T22:02:49,3
123,03-01T02:56:04,03-02T21:31:37,2
124,03-03T01:49:53,03-03T17:37:44,1
125,03-03T01:55:35,03-03T22:23:50,1
126,03-03T02:04:07,03-03T18:27:03,1
127,03-03T18:50:26,03-03T23:25:40,0
128,03-03T19:01:58,03-16T19:43:22,3
129,03-03T23:47:31,03-04T00:55:42,2
130,03-03T23:50:30,03-04T01:12:58,2
131,03-04T01:23:10,03-04T01:38:50,3
132,03-04T01:41:23,03-09T03:43:05,1
133,03-05T22:35:36,03-08T14:38:45,1
134,03-08T14:42:25,03-08T14:47:23,1
135,03-08T14:42:38,03-08T14:47:33,1
136,03-08T14:42:48,03-08T14:47:44,1
137,03-08T14:43:47,03-08T14:48:03,1
138,03-08T14:43:55,03-08T14:48:18,1
139,03-08T14:44:16,03-08T14:48:29,1
140,03-08T14:44:18,03-08T14:48:44,1
141,03-08T14:44:21,03-08T14:48:57,1
142,03-08T14:45:59,03-08T14:49:14,1
143,03-08T14:50:25,03-08T14:54:09,1
144,03-08T14:51:50,03-08T18:01:15,18
145,03-08T14:52:29,03-08T14:54:33,1
146,03-08T15:37:24,03-08T21:13:19,1
147,03-08T18:17:49,03-08T18:38:45,1
148,03-08T18:23:48,03-08T18:42:07,2
149,03-08T18:55:03,03-08T19:17:52,2
151,03-08T19:35:59,03-08T23:59:57,10
152,03-08T20:12:52,03-08T20:15:24,0
153,03-08T20:48:43,03-09T00:04:01,0
154,03-08T21:09:10,03-09T03:03:39,6
155,03-08T21:17:09,03-09T01:33:43,1
156,03-09T01:12:18,03-09T01:33:21,1
157,03-09T03:27:45,03-09T04:00:30,5
158,03-09T03:42:54,03-09T04:26:23,0
159,03-09T04:17:43,03-09T14:58:32,4
160,03-09T16:45:28,03-11T19:23:51,1
163,03-11T19:31:01,03-12T16:13:10,1
164,03-11T20:05:18,03-21T06:14:12,1
165,03-12T03:24:33,03-16T17:18:57,5
166,03-13T19:03:10,03-16T17:16:34,1
167,03-13T19:05:52,03-16T17:23:35,1
168,03-16T18:10:32,03-18T22:06:50,1
169,03-16T18:12:02,03-16T18:24:22,0
173,03-16T20:01:50,03-20T00:33:26,1
174,03-16T20:13:23,03-18T22:49:58,1
176,03-16T20:25:00,03-16T22:39:10,1
177,03-16T20:35:52,03-20T00:01:22,1
178,03-16T22:51:13,03-20T00:52:13,1
179,03-16T23:01:43,03-17T15:05:20,1
180,03-16T23:02:11,03-17T15:04:29,1
181,03-16T23:03:15,03-17T15:11:29,3
182,03-16T23:08:29,03-17T16:04:22,3
183,03-16T23:12:46,03-17T15:12:03,3
185,03-17T15:41:11,03-17T16:04:48,1
187,03-18T22:06:50,03-19T13:21:25,1
188,03-18T22:19:52,03-19T03:59:24,1
189,03-19T03:46:28,03-30T17:24:06,20
190,03-19T04:26:57,03-19T04:45:32,0
191,03-19T04:45:59,03-20T01:34:58,0
192,03-19T13:15:26,03-19T13:20:15,0
193,03-19T13:18:43,03-19T13:37:11,1
194,03-20T00:41:24,03-20T00:48:07,1
195,03-20T00:58:01,03-20T01:02:24,0
196,03-20T18:28:13,03-20T18:40:29,1
197,03-21T06:44:40,03-22T04:55:00,2
198,03-22T19:34:28,03-23T00:19:32,5
199,03-22T20:30:49,03-22T20:37:37,1
200,03-22T20:34:28,03-22T20:36:10,1
201,03-22T20:49:01,03-23T15:30:19,0
203,03-23T00:47:17,03-23T03:25:30,4
204,03-23T00:52:20,03-23T03:37:19,2
205,03-23T00:56:54,03-23T02:18:38,2
206,03-23T01:56:01,03-23T03:57:31,4
208,03-23T04:16:41,03-24T01:53:55,7
209,03-23T04:43:58,03-23T23:01:37,7
211,03-23T19:07:06,03-23T19:11:20,0
212,03-23T23:13:27,03-25T22:13:16,0
220,03-24T00:27:53,03-24T00:53:24,0
224,03-25T16:42:14,03-25T20:31:30,3
226,03-25T20:47:05,03-25T22:12:55,5
227,03-25T22:27:03,03-28T05:46:02,15
228,03-25T23:44:57,03-26T03:41:16,3
229,03-26T03:12:30,03-26T03:20:55,0
230,03-26T04:21:51,03-30T17:24:56,1
231,03-26T04:28:49,03-26T04:41:06,0
234,03-26T20:49:28,03-26T21:10:51,1
236,03-26T21:17:21,03-26T21:20:40,0
237,03-27T04:14:45,03-30T20:43:53,8
238,03-28T22:31:03,03-30T00:32:47,0
239,03-29T01:23:58,03-30T02:27:40,1
242,03-30T15:15:53,03-30T16:08:41,1
243,03-30T17:29:17,03-30T20:15:20,2
244,03-30T20:23:13,03-30T20:33:22,0
246,03-30T20:45:32,03-30T20:49:21,0
247,03-30T20:51:13,03-30T21:15:43,4
248,03-30T21:04:19,03-30T21:04:53,0
249,03-30T21:38:52,04-10T15:32:04,20
250,03-30T21:57:30,03-30T22:10:04,0
251,03-30T21:57:47,03-30T22:09:23,0
252,03-31T15:11:10,03-31T15:49:33,0
253,03-31T15:11:13,03-31T16:29:17,0
254,03-31T15:11:17,03-31T15:39:25,0
255,03-31T15:11:20,03-31T16:19:12,0
256,03-31T15:11:23,03-31T16:50:35,0
257,03-31T15:11:25,03-31T15:46:52,0
260,03-31T18:00:12,03-31T19:32:04,3
261,03-31T18:30:26,03-31T18:51:00,0
262,03-31T19:58:22,04-01T13:57:08,2
263,03-31T20:00:37,04-01T22:03:01,4
264,03-31T20:00:39,03-31T20:05:29,0
265,03-31T20:11:12,03-31T20:12:41,0
266,03-31T20:25:12,04-01T03:16:26,2
267,04-02T18:52:43,04-02T18:56:29,0
268,04-03T15:25:48,04-03T15:40:18,0
271,04-03T19:21:06,04-03T19:29:53,0
272,04-03T19:21:12,04-03T19:30:49,0
273,04-03T19:21:18,04-05T01:19:18,0
274,04-03T19:21:23,04-05T01:20:14,0
275,04-03T19:21:28,04-05T01:25:10,0
276,04-03T19:21:34,04-05T01:26:42,2
277,04-05T01:25:29,04-05T01:47:01,0
278,04-05T01:30:53,04-10T16:21:44,3
279,04-05T01:36:22,04-05T01:38:04,0
280,04-05T01:41:51,04-05T01:48:21,0
281,04-05T01:49:02,04-05T02:00:57,0
284,04-07T23:51:03,04-08T00:07:13,0
285,04-08T16:00:41,04-08T16:12:16,0
286,04-08T23:45:01,04-10T15:31:32,0
287,04-10T15:58:43,04-11T20:54:11,5
288,04-10T16:02:05,04-10T16:02:34,0
289,04-10T16:02:48,04-12T02:27:18,0
290,04-10T16:02:59,04-11T05:05:49,1
291,04-10T16:03:09,04-10T16:21:25,0
292,04-10T16:03:25,04-10T16:21:07,0
293,04-10T16:03:57,04-10T16:04:44,0
294,04-10T16:04:52,04-10T16:20:19,0
295,04-10T16:04:58,04-10T16:19:43,0
296,04-10T16:05:30,04-10T16:18:57,0
299,04-10T21:48:04,04-11T04:45:53,4
300,04-11T05:25:07,04-11T15:57:35,1
301,04-11T05:41:14,04-11T05:41:41,0
302,04-11T17:30:49,04-11T20:44:36,0
303,04-11T23:21:50,04-11T23:22:00,0
304,04-13T04:46:54,04-14T00:44:49,0
305,04-13T04:47:04,04-14T00:45:31,0
306,04-13T04:47:12,04-14T00:44:24,0
308,04-14T00:37:28,04-14T00:42:16,0
309,04-14T00:45:52,04-15T21:01:06,3
312,04-14T16:29:52,04-14T16:48:33,2
315,04-15T21:18:19,04-15T21:18:34,0
316,04-16T13:07:45,04-17T16:42:12,1
317,04-16T14:07:50,04-16T17:27:39,0
318,04-17T16:42:28,04-18T10:36:24,8
320,04-17T18:51:35,04-18T05:17:59,4
321,04-17T19:02:45,04-18T14:54:52,2
322,04-17T21:00:23,04-17T21:04:36,0
339,04-18T05:31:22,04-18T05:36:49,0
340,04-18T05:59:08,04-18T06:07:13,0
341,04-18T05:59:40,04-18T06:08:03,0
342,04-18T06:01:41,04-19T22:44:19,8
343,04-18T06:02:36,04-18T06:08:25,0
344,04-18T06:02:45,04-18T06:07:31,0
345,04-18T10:53:53,04-18T10:54:31,1
346,04-18T10:55:09,04-18T11:12:27,0
347,04-18T11:00:31,04-18T11:17:13,0
348,04-18T11:07:43,04-20T01:30:54,9
349,04-18T11:37:09,04-18T15:21:49,0
351,04-18T14:42:52,04-18T15:07:32,2
355,04-18T16:12:53,04-20T01:55:05,2
356,04-19T15:31:19,04-19T22:36:44,1
357,04-19T22:45:30,04-20T13:02:01,11
358,04-20T01:33:32,04-20T01:53:52,0
359,04-20T01:34:33,04-20T01:35:26,0
360,04-20T01:58:15,04-20T11:52:01,2
361,04-20T04:24:57,04-20T14:13:58,0
362,04-20T04:25:08,04-20T11:52:24,0
363,04-20T04:25:16,04-20T11:48:59,0
364,04-20T12:40:33,04-20T12:41:41,0
365,04-20T12:54:48,04-20T13:01:51,0
366,04-20T12:55:14,04-20T14:27:03,2
367,04-20T14:10:50,04-20T14:19:34,0
368,04-20T14:29:59,04-23T13:38:26,21
369,04-20T14:54:22,04-20T15:00:43,0
370,04-20T15:01:01,04-20T15:22:12,0
371,04-20T15:07:55,04-20T15:20:40,4
372,04-20T15:37:56,04-20T15:42:32,0
373,04-21T00:09:20,04-21T03:17:55,0
375,04-21T14:00:02,04-22T13:33:00,9
377,04-21T14:07:04,04-21T14:17:17,1
378,04-21T14:28:45,04-21T14:53:04,2
379,04-21T14:53:48,04-21T15:04:14,1
380,04-21T15:02:26,04-22T13:38:10,2
381,04-21T15:16:41,04-21T17:11:48,0
383,04-21T16:51:43,04-22T13:37:41,0
384,04-21T17:12:02,04-21T17:30:34,0
385,04-22T06:34:28,04-22T13:55:30,2
386,04-22T13:43:48,04-22T13:56:02,0
387,04-22T13:45:07,04-22T13:46:12,0
388,04-22T13:54:17,04-22T13:54:44,0
389,04-22T13:55:01,04-22T15:34:57,5
390,04-22T13:56:43,04-22T14:09:04,1
391,04-22T14:46:48,04-22T15:23:15,1
392,04-22T15:23:25,04-22T15:33:06,1
393,04-22T15:49:37,04-22T15:51:03,1
394,04-22T15:53:32,04-22T16:03:12,2
395,04-22T15:58:38,04-23T13:27:51,5
396,04-22T20:01:02,04-23T15:07:32,10
397,04-23T13:42:49,04-23T13:43:57,1
398,04-23T14:11:39,04-23T14:49:33,1
399,04-23T14:12:41,04-23T14:47:43,1
400,04-23T15:23:45,04-24T09:42:34,3
410,04-24T09:19:39,04-24T09:43:40,1
411,04-24T09:47:45,04-24T10:41:33,1
412,04-24T10:02:02,04-24T11:33:41,1
413,04-24T10:26:14,04-24T11:24:20,6
414,04-24T10:26:24,04-24T11:06:28,5
415,04-24T10:34:44,04-24T10:44:02,2
416,04-24T10:49:46,04-24T11:06:06,1
417,04-24T11:13:10,04-24T11:20:48,1
418,04-24T11:13:37,04-24T11:19:59,0
419,04-24T11:19:34,04-24T11:33:21,1
420,04-24T11:27:58,04-24T11:31:19,1
421,04-24T13:51:08,04-24T13:59:39,1
423,04-24T18:04:08,04-30T15:04:46,1
424,04-27T02:27:34,04-27T02:29:37,1
425,04-27T02:59:29,04-28T13:17:44,3
426,04-27T04:07:20,04-28T13:09:22,0
427,04-27T04:16:45,04-28T13:22:47,1
428,04-27T04:16:58,04-28T13:28:46,1
429,04-27T04:17:07,04-28T13:08:32,1
430,04-27T20:21:54,04-28T13:57:37,1
431,04-27T20:41:03,04-29T18:56:46,9
432,04-27T21:59:44,04-28T13:48:47,3
433,04-27T22:46:59,04-28T02:48:33,2
434,04-28T04:23:04,04-28T12:32:35,2
435,04-28T13:40:21,04-28T20:12:55,1
436,04-28T20:09:57,04-28T20:15:24,1
437,04-29T04:17:17,04-29T19:10:54,1
438,04-29T06:12:50,04-29T19:05:31,1
439,04-29T06:29:38,04-30T15:03:59,1
442,04-29T19:19:00,04-30T15:05:30,3
443,04-30T04:23:01,04-30T15:01:14,1
445,04-30T15:19:03,04-30T19:33:30,0
446,04-30T15:19:48,05-01T14:25:05,0
455,04-30T15:44:00,04-30T19:25:57,1
456,04-30T19:36:52,05-01T14:20:17,0
457,05-01T04:29:17,05-01T14:25:30,0
462,05-01T14:33:42,05-01T14:49:09,2
463,05-01T14:36:10,05-01T14:48:07,0
464,05-01T14:53:00,05-01T14:59:26,1
465,05-01T14:53:20,05-04T19:45:21,7
466,05-01T14:53:37,05-04T19:47:06,10
467,05-01T15:01:33,05-01T15:19:29,2
468,05-01T15:09:19,05-04T20:04:22,6
470,05-02T04:14:02,05-03T19:20:44,0
471,05-03T04:22:00,05-03T20:02:00,2
472,05-04T04:41:20,05-04T04:41:38,0
473,05-04T04:47:24,05-04T13:31:30,0
474,05-04T04:47:36,05-04T13:30:51,0
475,05-04T19:27:34,05-10T19:48:57,19
476,05-04T19:57:13,05-04T20:18:22,3
478,05-04T20:28:21,05-04T22:13:04,6
480,05-04T21:18:56,05-04T22:08:24,0
481,05-04T21:20:36,05-06T16:04:30,10
482,05-04T21:25:02,05-06T17:14:55,5
483,05-04T21:54:14,05-06T15:17:10,5
484,05-04T22:02:29,05-04T22:13:21,0
486,05-05T04:09:08,05-05T04:09:21,0
487,05-06T04:14:31,05-06T04:14:44,0
488,05-06T06:20:22,05-06T14:40:22,0
489,05-06T15:41:18,05-06T16:54:58,13
490,05-06T15:46:59,05-08T17:38:52,4
493,05-06T16:53:44,05-06T17:24:08,0
494,05-06T17:02:32,05-06T17:27:16,0
495,05-06T17:03:25,05-06T17:26:16,0
496,05-06T17:04:49,05-07T20:19:02,2
497,05-06T17:15:27,05-07T21:12:35,8
498,05-07T04:12:24,05-07T04:12:28,0
500,05-07T20:29:11,05-07T21:22:09,0
501,05-08T04:14:03,05-08T04:14:10,0
506,05-08T18:55:01,05-08T19:42:21,2
507,05-08T19:31:45,05-08T21:47:08,2
508,05-08T19:32:43,05-08T19:40:35,0
509,05-08T19:37:10,05-10T19:43:15,7
510,05-08T19:59:14,05-10T19:45:14,13
511,05-09T15:44:23,05-09T21:16:08,1
512,05-09T20:45:59,05-10T20:33:58,3
513,05-10T04:10:15,05-10T04:10:20,0
514,05-10T21:49:38,05-11T00:46:38,0
515,05-11T01:37:49,05-12T20:10:50,2
518,05-11T04:08:39,05-11T04:08:57,0
519,05-11T04:34:39,05-12T23:01:31,3
520,05-11T04:36:02,05-12T20:11:25,0
521,05-12T04:09:15,05-12T04:09:25,0
523,05-13T00:49:56,,0
524,05-13T04:08:19,05-13T04:08:24,0
525,05-13T06:17:36,05-13T16:15:47,0
526,05-14T04:10:00,05-14T04:10:05,0
528,05-15T04:18:16,05-15T04:18:21,0
533,05-16T04:13:37,05-16T04:13:43,0
534,05-17T04:11:44,05-17T04:11:49,0
535,05-18T01:22:25,05-18T01:42:06,0
536,05-18T04:11:40,05-18T04:11:46,0
537,05-18T04:15:24,05-20T14:35:31,4
538,05-18T04:15:31,05-18T18:09:22,0
539,05-18T04:15:36,05-20T14:18:52,5
540,05-18T04:15:46,05-18T18:03:46,0
541,05-18T18:18:40,05-20T14:36:00,4
542,05-18T18:20:54,05-20T14:45:36,9
543,05-19T04:17:45,05-19T04:17:52,0
544,05-20T04:18:31,05-20T04:18:36,0
545,05-20T06:16:06,05-20T13:58:21,0
546,05-20T14:07:36,05-20T14:12:25,0
548,05-20T15:04:24,05-20T16:31:15,0
549,05-21T04:07:33,05-21T04:07:38,0
550,05-21T16:42:30,05-21T16:43:00,0
551,05-22T15:07:33,05-28T13:25:14,15
553,05-22T18:14:13,05-25T19:42:07,0
554,05-22T19:47:03,05-27T23:32:53,1
555,05-22T20:08:21,05-22T20:08:30,0
557,05-22T20:16:31,05-22T20:16:34,0
558,05-22T20:19:51,05-22T20:19:54,0
559,05-22T21:37:45,05-22T21:55:36,2
560,05-22T21:50:22,05-22T21:55:25,0
561,05-23T04:15:12,05-23T04:15:24,0
562,05-24T04:16:22,05-24T04:16:41,0
563,05-25T04:29:54,05-25T18:34:05,0
564,05-25T04:30:07,05-25T18:30:58,0
565,05-25T19:36:47,05-25T20:41:22,0
566,05-25T19:42:32,05-25T20:46:46,0
570,05-26T04:14:26,05-26T04:14:50,0
571,05-27T06:28:29,05-27T15:19:00,0
572,05-27T06:56:16,05-27T15:22:04,0
573,05-27T15:35:01,05-27T16:40:48,1
574,05-27T16:39:34,05-27T23:16:36,18
575,05-27T19:37:07,05-27T19:39:40,0
576,05-27T19:57:49,05-27T20:19:56,0
577,05-27T20:27:01,05-27T21:11:36,0
579,05-27T22:27:19,05-27T22:31:16,2
580,05-27T22:39:13,05-27T22:39:32,0
581,05-28T00:01:17,05-28T00:16:47,0
582,05-28T00:44:26,05-28T12:49:44,0
583,05-28T00:44:31,05-28T12:49:29,0
584,05-28T04:12:54,05-28T04:13:04,0
587,05-28T13:25:43,05-28T17:46:05,1
588,05-28T15:22:41,05-28T15:37:33,0
589,05-28T15:22:46,05-28T16:04:39,2
590,05-28T16:45:31,05-28T17:37:25,3
591,05-29T04:19:11,05-29T04:19:39,0
596,05-29T22:29:11,05-29T22:32:48,0
597,05-29T22:36:06,05-29T22:41:53,0
598,05-29T22:46:18,05-29T23:00:30,1
599,05-29T22:47:05,05-29T23:05:41,0
600,05-29T22:58:49,05-29T23:33:16,3
601,05-29T22:59:13,05-29T23:08:28,2
602,05-29T23:06:06,05-30T00:09:31,1
603,05-29T23:33:39,05-30T00:02:07,3
604,05-29T23:47:27,05-30T00:02:24,0
605,05-30T04:17:11,05-30T04:17:31,0
606,06-01T04:20:18,06-01T14:18:11,0
607,06-01T04:20:26,06-01T14:20:42,0
608,06-01T04:20:34,06-01T14:43:08,3
609,06-01T20:49:18,06-01T20:54:05,0
610,06-01T20:57:21,06-01T20:57:52,0
611,06-01T21:00:27,06-01T21:01:36,0
612,06-02T04:15:31,06-02T04:15:37,0
613,06-02T12:02:13,06-02T13:15:03,0
616,06-02T14:36:24,06-02T14:41:34,1
617,06-02T14:42:04,06-21T19:35:46,1
619,06-02T16:09:18,06-03T14:25:19,2
620,06-03T04:16:36,06-03T04:16:47,0
621,06-03T06:18:25,06-03T13:44:32,0
622,06-03T14:49:06,06-04T14:36:12,2
623,06-04T03:37:14,06-04T13:49:14,0
624,06-04T04:16:59,06-04T04:17:04,0
626,06-04T13:53:30,06-04T14:46:39,0
627,06-04T15:01:10,06-04T15:38:59,1
628,06-04T15:08:33,06-04T15:35:33,0
629,06-04T17:50:28,06-04T18:40:01,0
630,06-04T18:42:17,06-21T18:22:09,7
631,06-04T18:47:02,06-04T18:57:58,0
632,06-04T18:57:48,06-04T19:00:37,0
633,06-04T18:58:20,06-04T19:06:07,0
635,06-05T04:13:02,06-05T04:13:11,0
640,06-06T04:07:48,06-06T04:07:55,0
641,06-08T04:15:56,06-08T04:16:10,0
642,06-08T04:17:22,06-11T20:45:49,0
643,06-08T04:17:28,06-11T20:45:13,0
644,06-08T04:17:33,06-11T20:46:06,0
645,06-10T03:35:26,06-10T04:27:05,0
646,06-10T06:23:24,06-11T20:48:41,0
647,06-10T06:36:22,06-11T20:47:02,0
648,06-10T23:43:40,06-11T20:46:41,0
649,06-11T04:10:02,06-11T04:10:39,0
650,06-12T04:18:56,06-12T04:19:00,0
651,06-14T03:13:38,06-21T19:16:33,13
652,06-15T04:13:25,06-15T04:13:42,0
653,06-15T04:21:03,06-17T16:18:16,0
654,06-15T04:21:50,06-21T18:08:00,8
655,06-15T04:22:42,06-17T22:08:03,2
656,06-15T04:23:27,06-21T19:33:58,4
657,06-17T06:18:24,06-21T17:37:23,0
658,06-17T06:35:46,06-21T19:34:53,2
659,06-17T23:43:20,06-21T18:22:32,0
664,06-21T03:10:28,06-21T18:25:53,0
665,06-21T04:08:27,06-21T04:08:51,0
666,06-21T18:00:35,06-21T18:07:49,0
667,06-21T19:01:22,06-21T19:34:36,0
668,06-21T19:35:05,06-21T19:40:39,0
669,06-21T21:40:52,06-21T22:14:05,0
670,06-21T21:43:18,06-21T23:19:12,0
671,06-22T04:16:19,06-22T04:16:39,0
672,06-22T04:17:04,06-22T19:35:58,0
673,06-22T04:17:13,06-22T19:34:27,0
674,06-22T04:18:07,06-22T19:33:19,1
675,06-23T04:22:06,06-23T14:29:01,2
676,06-23T14:29:21,07-01T19:20:37,1
677,06-23T21:22:10,06-23T21:37:51,0
678,06-24T04:08:24,06-24T04:08:29,0
679,06-24T06:38:22,07-01T19:20:23,0
680,06-24T23:43:30,06-26T16:04:23,0
681,06-25T03:12:27,06-26T16:01:41,0
682,06-25T04:12:39,06-25T04:12:46,0
683,06-26T03:23:03,06-26T16:07:52,0
684,06-26T04:08:43,06-26T04:08:50,0
689,06-26T14:52:16,07-01T19:17:10,0
690,06-26T16:08:38,06-26T16:32:06,0
692,06-27T04:14:24,06-27T04:14:40,0
693,06-28T03:11:46,07-01T19:12:56,0
694,06-29T04:23:09,07-01T19:14:02,2
695,06-29T04:23:44,07-01T19:11:01,0
696,06-29T23:37:29,06-30T00:02:00,0
697,06-30T04:08:22,06-30T04:08:35,0
698,06-30T16:01:26,06-30T16:24:54,0
699,06-30T16:02:34,06-30T16:03:34,0
700,06-30T20:28:50,06-30T20:44:49,0
701,07-01T06:20:05,07-01T19:10:20,0
702,07-01T06:42:40,07-01T19:07:08,0
703,07-01T23:46:54,07-06T18:29:30,0
704,07-02T04:19:24,07-02T04:19:45,0
705,07-02T22:23:04,07-03T15:17:20,1
706,07-03T03:13:17,07-06T18:28:43,0
707,07-03T04:15:34,07-03T04:15:58,0
712,07-04T04:09:32,07-04T04:09:41,0
713,07-05T03:19:41,07-05T03:31:15,0
714,07-05T04:17:43,07-05T04:18:03,0
715,07-06T03:14:53,07-06T18:23:39,0
716,07-06T04:21:07,07-06T17:07:13,0
717,07-06T04:22:01,07-06T18:21:09,0
718,07-06T04:23:04,07-06T18:20:19,0
719,07-06T17:21:38,07-06T18:34:03,0
720,07-06T18:34:38,07-06T18:35:22,1
721,07-06T18:35:54,07-06T18:37:38,0
722,07-06T19:31:12,07-06T20:06:41,0
723,07-06T20:07:06,07-06T20:07:51,1
724,07-06T21:35:14,07-06T21:54:19,0
725,07-06T21:54:39,07-06T22:04:00,1
726,07-07T03:17:26,07-08T21:59:01,1
727,07-08T03:12:07,07-08T22:01:41,0
728,07-08T04:15:27,07-08T04:15:32,0
729,07-08T06:21:58,07-08T22:02:18,0
730,07-08T06:37:31,07-08T22:00:34,0
731,07-08T18:09:58,07-08T18:41:18,0
733,07-08T23:44:12,07-13T16:07:21,0
734,07-09T03:22:19,07-13T17:53:30,5
735,07-09T04:16:19,07-09T04:16:44,0
736,07-10T04:12:56,07-10T04:13:02,0
741,07-11T04:12:19,07-11T04:12:28,0
742,07-13T03:15:34,07-13T16:17:29,0
743,07-13T04:19:23,07-13T18:58:17,6
744,07-13T04:19:28,07-13T16:24:34,1
745,07-13T16:35:01,07-13T16:49:44,0
746,07-13T18:56:25,07-13T21:28:27,6
747,07-13T21:28:50,07-17T02:39:41,1
748,07-13T21:47:11,07-17T02:18:34,0
749,07-13T21:47:25,07-14T17:56:27,3
750,07-14T03:15:58,07-14T19:37:20,0
751,07-14T04:15:15,07-14T04:15:33,0
752,07-14T17:04:01,07-14T18:01:20,0
753,07-15T04:13:17,07-15T04:13:27,0
754,07-15T06:30:14,07-17T02:23:08,0
755,07-15T23:43:45,07-17T02:21:40,0
756,07-16T14:18:50,07-17T02:21:26,0
757,07-17T03:21:01,07-20T19:03:33,0
758,07-17T04:17:38,07-17T04:17:54,0
763,07-18T03:18:57,07-20T18:56:25,0
764,07-20T04:14:45,07-20T04:14:56,0
765,07-20T04:20:56,07-20T18:54:57,1
766,07-20T04:22:39,07-20T18:43:53,0
767,07-20T04:22:49,07-20T18:45:54,0
768,07-20T04:23:26,07-20T18:46:42,0
769,07-20T04:23:52,07-20T18:47:44,0
770,07-20T04:24:27,07-20T18:49:14,0
771,07-20T04:25:00,07-20T18:50:26,0
772,07-20T04:25:40,07-20T18:51:11,0
773,07-20T04:29:34,07-20T18:52:32,0
774,07-20T04:29:40,07-20T18:53:10,0
775,07-20T04:29:44,07-20T18:54:07,0
776,07-20T04:29:47,07-20T18:40:42,0
777,07-20T21:18:15,07-21T17:51:09,11
778,07-20T23:38:44,07-21T18:11:47,0
779,07-21T04:11:29,07-21T04:11:34,0
780,07-21T16:05:31,07-21T16:44:21,0
781,07-21T17:51:35,07-21T18:21:08,1
782,07-22T06:57:26,07-28T17:00:06,9
783,07-22T23:43:42,07-23T11:48:01,0
784,07-23T03:16:08,07-23T11:47:39,0
785,07-23T04:10:36,07-23T04:10:42,0
786,07-23T12:14:37,,6
787,07-24T04:10:55,07-24T04:11:01,0
793,07-26T14:50:27,,9
794,07-27T03:28:30,07-28T17:33:22,4
795,07-27T04:19:47,07-27T15:52:48,1
796,07-27T04:19:56,07-27T15:50:20,0
797,07-27T17:09:01,,5
798,07-28T04:16:33,07-28T04:16:54,0
799,07-28T16:28:00,07-28T16:35:02,0
800,07-29T04:16:51,07-29T04:17:00,0
801,07-29T06:36:03,07-30T15:15:31,1
802,07-29T23:43:28,07-30T15:11:20,0
803,07-30T07:03:38,07-30T15:17:55,0
804,07-31T03:09:56,,1
805,07-31T04:12:48,07-31T04:13:07,0
811,08-01T04:12:24,08-01T04:12:30,0
812,08-02T04:17:05,08-02T04:17:13,0
813,08-03T04:12:40,08-03T04:12:52,0
814,08-03T04:24:35,08-03T15:06:26,1
816,08-05T03:22:30,08-05T16:15:45,0
817,08-05T04:14:12,08-05T04:14:20,0
818,08-05T06:53:30,08-06T17:03:18,2
819,08-05T16:16:16,08-05T22:20:21,1
820,08-05T22:05:45,08-05T22:13:48,0
822,08-05T23:46:30,08-05T23:52:06,0
823,08-05T23:52:31,08-06T17:02:57,1
824,08-06T04:12:52,08-06T04:12:58,0
825,08-06T16:13:46,08-06T17:15:19,1
827,08-06T16:19:24,08-06T16:50:24,0
828,08-06T16:37:08,08-06T20:59:19,5
830,08-06T17:35:53,08-06T20:30:27,0
831,08-06T17:49:38,08-06T20:31:17,1
836,08-07T16:11:49,,0
